Date first seen,Duration,Proto,Src IP Addr,Src Pt,Dst IP Addr,Dst Pt,Packets,Bytes,Flows,Flags,Tos,class,attackType,attackID,attackDescription
2017-03-15 00:01:16.632,    0.000,TCP  ,192.168.100.5,   445,192.168.220.16, 58844,       1,     108,    1,.AP...,  0,normal,---,---,---
2017-03-15 00:01:16.552,    0.000,TCP  ,192.168.100.5,   445,192.168.220.15, 48888,       1,     108,    1,.AP...,  0,normal,---,---,---
2017-03-15 00:01:16.551,    0.004,TCP  ,192.168.220.15, 48888,192.168.100.5,   445,       2,     174,    1,.AP...,  0,normal,---,---,---
2017-03-15 00:01:16.631,    0.004,TCP  ,192.168.220.16, 58844,192.168.100.5,   445,       2,     174,    1,.AP...,  0,normal,---,---,---
2017-03-15 00:01:16.552,    0.000,TCP  ,192.168.100.5,   445,192.168.220.15, 48888,       1,     108,    1,.AP...,  0,normal,---,---,---
2017-03-15 00:01:16.631,    0.004,TCP  ,192.168.220.16, 58844,192.168.100.5,   445,       2,     174,    1,.AP...,  0,normal,---,---,---
2017-03-15 00:01:17.432,    0.000,TCP  ,192.168.220.9, 37884,192.168.100.5,   445,       1,      66,    1,.A....,  0,normal,---,---,---
2017-03-15 00:01:17.431,    0.000,TCP  ,192.168.100.5,   445,192.168.220.9, 37884,       1,      70,    1,.AP...,  0,normal,---,---,---
2017-03-15 00:01:17.432,    0.000,TCP  ,192.168.220.9, 37884,192.168.100.5,   445,       1,      66,    1,.A....,  0,normal,---,---,---
2017-03-15 00:01:17.776,    0.000,TCP  ,10000_35,   443,192.168.220.16, 45061,       1,     358,    1,.AP...,  0,normal,---,---,---
2017-03-15 00:01:17.782,    0.000,TCP  ,10000_35,   443,192.168.220.16, 45558,       1,     372,    1,.AP...,  0,normal,---,---,---
2017-03-15 00:01:17.777,    0.000,TCP  ,10000_35,   443,192.168.220.16, 45487,       1,     357,    1,.AP...,  0,normal,---,---,---
2017-03-15 00:01:17.749,    0.082,TCP  ,10000_35,   443,192.168.220.16, 45585,       4,     419,    1,.AP.S.,  0,normal,---,---,---
2017-03-15 00:01:17.748,    0.083,TCP  ,10000_35,   443,192.168.220.16, 45583,       4,     419,    1,.AP.S.,  0,normal,---,---,---
2017-03-15 00:01:17.750,    0.089,TCP  ,10001_232,   443,192.168.220.16, 51138,       5,     498,    1,.AP.S.,  0,normal,---,---,---
2017-03-15 00:01:17.748,    0.083,TCP  ,10000_35,   443,192.168.220.16, 45584,       4,     419,    1,.AP.S.,  0,normal,---,---,---
2017-03-15 00:01:17.750,    0.089,TCP  ,10000_35,   443,192.168.220.16, 45588,       4,     419,    1,.AP.S.,  0,normal,---,---,---
2017-03-15 00:01:17.749,    0.086,TCP  ,10000_35,   443,192.168.220.16, 45586,       4,     419,    1,.AP.S.,  0,normal,---,---,---
2017-03-15 00:01:17.827,    0.000,UDP  ,192.168.210.4,   138,192.168.210.255,   138,       1,     243,    1,......,  0,normal,---,---,---
2017-03-15 00:01:17.728,    0.000,UDP  ,192.168.220.16, 35549,DNS,    53,       1,      73,    1,......,  0,normal,---,---,---
2017-03-15 00:01:17.728,    0.051,TCP  ,192.168.220.16, 45588,10000_35,   443,       5,     906,    1,.AP.S.,  0,normal,---,---,---
2017-03-15 00:01:17.760,    0.023,TCP  ,192.168.220.16, 45558,10000_35,   443,       2,     598,    1,.AP...,  0,normal,---,---,---
2017-03-15 00:01:17.727,    0.044,TCP  ,192.168.220.16, 45584,10000_35,   443,       5,     906,    1,.AP.S.,  0,normal,---,---,---
2017-03-15 00:01:17.728,    0.047,TCP  ,192.168.220.16, 45586,10000_35,   443,       5,     906,    1,.AP.S.,  0,normal,---,---,---
2017-03-15 00:01:17.727,    0.048,TCP  ,192.168.220.16, 45585,10000_35,   443,       5,     906,    1,.AP.S.,  0,normal,---,---,---
2017-03-15 00:01:17.754,    0.021,TCP  ,192.168.220.16, 45061,10000_35,   443,       2,     641,    1,.AP...,  0,normal,---,---,---
2017-03-15 00:01:17.727,    0.044,TCP  ,192.168.220.16, 45583,10000_35,   443,       5,     906,    1,.AP.S.,  0,normal,---,---,---
2017-03-15 00:01:17.755,    0.024,TCP  ,192.168.220.16, 45487,10000_35,   443,       2,     633,    1,.AP...,  0,normal,---,---,---
2017-03-15 00:01:17.728,    0.051,TCP  ,192.168.220.16, 51138,10001_232,   443,       6,     972,    1,.AP.S.,  0,normal,---,---,---
2017-03-15 00:01:18.403,    0.000,UDP  ,DNS,    53,192.168.220.16, 32777,       2,     533,    1,......,  0,normal,---,---,---
2017-03-15 00:01:18.511,    0.003,TCP  ,10002_113,   443,192.168.220.16, 49062,       2,    1089,    1,.AP..., 32,normal,---,---,---
2017-03-15 00:01:18.401,    0.000,UDP  ,192.168.220.16, 32777,DNS,    53,       2,     144,    1,......,  0,normal,---,---,---
2017-03-15 00:01:18.401,    0.113,TCP  ,192.168.220.16, 49062,10002_113,   443,       2,    1265,    1,.AP...,  0,normal,---,---,---
2017-03-15 00:01:18.769,    0.000,UDP  ,DNS,    53,192.168.220.16, 35549,       1,     224,    1,......,  0,normal,---,---,---
2017-03-15 00:01:18.665,    0.000,UDP  ,DNS,    53,192.168.220.16, 56225,       2,     533,    1,......,  0,normal,---,---,---
2017-03-15 00:01:18.772,    0.003,TCP  ,10002_114,   443,192.168.220.16, 55975,       2,    1089,    1,.AP..., 32,normal,---,---,---
2017-03-15 00:01:18.457,    0.170,TCP  ,10003_195,    80,192.168.220.16, 48286,       3,     908,    1,.AP.S., 32,normal,---,---,---
2017-03-15 00:01:18.664,    0.000,UDP  ,192.168.220.16, 56225,DNS,    53,       2,     144,    1,......,  0,normal,---,---,---
2017-03-15 00:01:18.664,    0.111,TCP  ,192.168.220.16, 55975,10002_114,   443,       3,    1815,    1,.AP...,  0,normal,---,---,---
2017-03-15 00:01:18.301,    0.326,TCP  ,192.168.220.16, 48286,10003_195,    80,       5,    2409,    1,.AP.S.,  0,normal,---,---,---
2017-03-15 00:01:20.523,    0.000,TCP  ,10001_232,   443,192.168.220.16, 51113,       1,      66,    1,.A....,  0,normal,---,---,---
2017-03-15 00:01:20.503,    0.000,TCP  ,192.168.220.16, 51113,10001_232,   443,       1,      66,    1,.A....,  0,normal,---,---,---
2017-03-15 00:01:21.703,    0.000,TCP  ,192.168.100.5,   445,192.168.220.5, 51146,       1,     108,    1,.AP...,  0,normal,---,---,---
2017-03-15 00:01:21.701,    0.003,TCP  ,192.168.220.5, 51146,192.168.100.5,   445,       2,     174,    1,.AP...,  0,normal,---,---,---
2017-03-15 00:01:21.702,    0.000,TCP  ,192.168.100.5,   445,192.168.220.5, 51146,       1,     108,    1,.AP...,  0,normal,---,---,---
2017-03-15 00:01:21.701,    0.003,TCP  ,192.168.220.5, 51146,192.168.100.5,   445,       2,     174,    1,.AP...,  0,normal,---,---,---
2017-03-15 00:01:22.400,    0.000,TCP  ,EXT_SERVER,  8082,192.168.220.15, 37039,       1,     212,    1,.AP..., 32,normal,---,---,---
2017-03-15 00:01:22.383,    0.021,TCP  ,192.168.220.15, 37039,EXT_SERVER,  8082,       2,     338,    1,.AP...,  0,normal,---,---,---
2017-03-15 00:01:22.891,    0.000,TCP  ,10001_232,    80,192.168.220.16, 49671,       1,      66,    1,.A....,  0,normal,---,---,---
2017-03-15 00:01:22.871,    0.000,TCP  ,192.168.220.16, 49671,10001_232,    80,       1,      66,    1,.A....,  0,normal,---,---,---
2017-03-15 00:01:24.412,    0.018,TCP  ,192.168.220.14, 48380,EXT_SERVER,  8082,       2,     338,    1,.AP...,  0,normal,---,---,---
2017-03-15 00:01:24.152,    0.266,TCP  ,192.168.200.9, 52290,EXT_SERVER,  8082,       2,     319,    1,.AP...,  0,normal,---,---,---
2017-03-15 00:01:24.168,    0.000,TCP  ,EXT_SERVER,  8082,192.168.200.9, 52290,       1,     200,    1,.AP..., 32,normal,---,---,---
2017-03-15 00:01:24.427,    0.000,TCP  ,EXT_SERVER,  8082,192.168.220.14, 48380,       1,     212,    1,.AP..., 32,normal,---,---,---
2017-03-15 00:01:26.096,    0.083,TCP  ,10000_35,   443,192.168.220.16, 45608,       4,     419,    1,.AP.S.,  0,normal,---,---,---
2017-03-15 00:01:26.096,    0.091,TCP  ,10000_35,   443,192.168.220.16, 45609,       4,     419,    1,.AP.S.,  0,normal,---,---,---
2017-03-15 00:01:26.096,    0.091,TCP  ,10001_232,   443,192.168.220.16, 51161,       5,     498,    1,.AP.S.,  0,normal,---,---,---
2017-03-15 00:01:26.096,    0.083,TCP  ,10000_35,   443,192.168.220.16, 45606,       4,     419,    1,.AP.S.,  0,normal,---,---,---
2017-03-15 00:01:26.096,    0.083,TCP  ,10000_35,   443,192.168.220.16, 45607,       4,     419,    1,.AP.S.,  0,normal,---,---,---
2017-03-15 00:01:26.099,    0.088,TCP  ,10000_35,   443,192.168.220.16, 45611,       4,     419,    1,.AP.S.,  0,normal,---,---,---
2017-03-15 00:01:26.076,    0.055,TCP  ,192.168.220.16, 45611,10000_35,   443,       5,     906,    1,.AP.S.,  0,normal,---,---,---
2017-03-15 00:01:26.075,    0.052,TCP  ,192.168.220.16, 51161,10001_232,   443,       6,     972,    1,.AP.S.,  0,normal,---,---,---
2017-03-15 00:01:26.075,    0.044,TCP  ,192.168.220.16, 45607,10000_35,   443,       5,     906,    1,.AP.S.,  0,normal,---,---,---
2017-03-15 00:01:26.075,    0.052,TCP  ,192.168.220.16, 45609,10000_35,   443,       5,     906,    1,.AP.S.,  0,normal,---,---,---
2017-03-15 00:01:26.075,    0.044,TCP  ,192.168.220.16, 45606,10000_35,   443,       5,     906,    1,.AP.S.,  0,normal,---,---,---
2017-03-15 00:01:26.075,    0.048,TCP  ,192.168.220.16, 45608,10000_35,   443,       5,     906,    1,.AP.S.,  0,normal,---,---,---
2017-03-15 00:01:26.744,    0.000,UDP  ,DNS,    53,192.168.220.16, 39898,       2,     533,    1,......,  0,normal,---,---,---
2017-03-15 00:01:27.015,    0.001,UDP  ,DNS,    53,192.168.220.16, 43120,       2,     533,    1,......,  0,normal,---,---,---
2017-03-15 00:01:26.742,    0.000,UDP  ,192.168.220.16, 39898,DNS,    53,       2,     144,    1,......,  0,normal,---,---,---
2017-03-15 00:01:27.007,    0.000,UDP  ,192.168.220.8,   137,192.168.220.255,   137,       1,      92,    1,......,  0,normal,---,---,---
2017-03-15 00:01:26.699,    0.000,UDP  ,192.168.200.4,   137,192.168.200.255,   137,       1,      92,    1,......,  0,normal,---,---,---
2017-03-15 00:01:27.014,    0.000,UDP  ,192.168.220.16, 43120,DNS,    53,       2,     144,    1,......,  0,normal,---,---,---
2017-03-15 00:01:27.819,    0.000,TCP  ,10000_35,   443,192.168.220.16, 45558,       1,      66,    1,.A....,  0,normal,---,---,---
2017-03-15 00:01:27.819,    0.000,TCP  ,10000_35,   443,192.168.220.16, 45487,       1,      66,    1,.A....,  0,normal,---,---,---
2017-03-15 00:01:27.799,    0.000,TCP  ,192.168.220.16, 45558,10000_35,   443,       1,      66,    1,.A....,  0,normal,---,---,---
2017-03-15 00:01:28.260,    0.000,TCP  ,192.168.100.5,   445,192.168.220.7, 37191,       1,     108,    1,.AP...,  0,normal,---,---,---
2017-03-15 00:01:28.259,    0.005,TCP  ,192.168.220.7, 37191,192.168.100.5,   445,       2,     174,    1,.AP...,  0,normal,---,---,---
2017-03-15 00:01:29.452,    0.000,TCP  ,192.168.200.4,    25,192.168.220.16, 51431,       1,      54,    1,.A.R..,  0,victim,portScan,1,nmap args: -sS -T 1
2017-03-15 00:01:29.451,    0.000,TCP  ,192.168.220.16, 51431,192.168.200.4,    25,       1,      58,    1,....S.,  0,attacker,portScan,1,nmap args: -sS -T 1
2017-03-15 00:01:29.432,    0.000,TCP  ,192.168.100.5,   445,192.168.220.14, 52321,       1,     108,    1,.AP...,  0,normal,---,---,---
2017-03-15 00:01:29.431,    0.004,TCP  ,192.168.220.14, 52321,192.168.100.5,   445,       2,     174,    1,.AP...,  0,normal,---,---,---
2017-03-15 00:01:30.454,    0.000,TCP  ,192.168.200.9,   135,192.168.220.16, 51491,       1,      58,    1,.A..S.,  0,victim,portScan,1,nmap args: -sS -T 1
2017-03-15 00:01:30.453,    0.003,TCP  ,192.168.220.16, 51491,192.168.200.9,   135,       2,     112,    1,...RS.,  0,attacker,portScan,1,nmap args: -sS -T 1
2017-03-15 00:01:30.742,    0.000,TCP  ,192.168.100.5,   445,192.168.220.13, 60689,       1,     108,    1,.AP...,  0,normal,---,---,---
2017-03-15 00:01:30.740,    0.003,TCP  ,192.168.220.13, 60689,192.168.100.5,   445,       2,     174,    1,.AP...,  0,normal,---,---,---
2017-03-15 00:01:31.086,    0.000,TCP  ,192.168.100.5,   445,192.168.200.4, 43183,       1,     108,    1,.AP...,  0,normal,---,---,---
2017-03-15 00:01:31.453,    0.000,TCP  ,192.168.200.1, 52822,192.168.220.16, 51357,       1,      54,    1,.A.R..,  0,victim,portScan,1,nmap args: -sS -T 1
2017-03-15 00:01:31.085,    0.002,TCP  ,192.168.200.4, 43183,192.168.100.5,   445,       2,     174,    1,.AP...,  0,normal,---,---,---
2017-03-15 00:01:31.454,    0.000,TCP  ,192.168.220.16, 51357,192.168.200.1, 52822,       1,      58,    1,....S.,  0,attacker,portScan,1,nmap args: -sS -T 1
2017-03-15 00:01:31.987,    0.000,TCP  ,EXT_SERVER,  8082,192.168.220.9, 50807,       1,     212,    1,.AP..., 32,normal,---,---,---
2017-03-15 00:01:31.969,    0.018,TCP  ,192.168.220.9, 50807,EXT_SERVER,  8082,       2,     338,    1,.AP...,  0,normal,---,---,---
2017-03-15 00:01:32.456,    0.000,TCP  ,192.168.200.5, 10616,192.168.220.16, 51357,       1,      54,    1,.A.R..,  0,victim,portScan,1,nmap args: -sS -T 1
2017-03-15 00:01:32.455,    0.000,TCP  ,192.168.220.16, 51357,192.168.200.5, 10616,       1,      58,    1,....S.,  0,attacker,portScan,1,nmap args: -sS -T 1
2017-03-15 00:01:33.456,    0.000,TCP  ,192.168.200.2,  8045,192.168.220.16, 51357,       1,      54,    1,.A.R..,  0,victim,portScan,1,nmap args: -sS -T 1
2017-03-15 00:01:33.456,    0.000,TCP  ,192.168.220.16, 51357,192.168.200.2,  8045,       1,      58,    1,....S.,  0,attacker,portScan,1,nmap args: -sS -T 1
2017-03-15 00:01:34.457,    0.000,TCP  ,192.168.220.16, 51357,192.168.200.8,  2033,       1,      58,    1,....S.,  0,attacker,portScan,1,nmap args: -sS -T 1
2017-03-15 00:01:36.171,    0.000,TCP  ,10000_35,   443,192.168.220.16, 45061,       1,      66,    1,.A....,  0,normal,---,---,---
2017-03-15 00:01:36.466,    0.000,TCP  ,10003_195,    80,192.168.220.16, 48286,       1,      54,    1,.A.R.., 32,normal,---,---,---
2017-03-15 00:01:36.151,    0.000,TCP  ,192.168.220.16, 45061,10000_35,   443,       1,      66,    1,.A....,  0,normal,---,---,---
2017-03-15 00:01:36.964,    0.000,TCP  ,10002_113,   443,192.168.220.16, 49062,       1,      54,    1,.A...., 32,normal,---,---,---
2017-03-15 00:01:36.855,    0.000,TCP  ,192.168.220.16, 49062,10002_113,   443,       1,      54,    1,.A....,  0,normal,---,---,---
2017-03-15 00:01:37.251,    0.000,TCP  ,10002_114,   443,192.168.220.16, 55975,       1,      54,    1,.A...., 32,normal,---,---,---
2017-03-15 00:01:37.143,    0.000,TCP  ,192.168.220.16, 55975,10002_114,   443,       1,      54,    1,.A....,  0,normal,---,---,---
2017-03-15 00:01:38.022,    0.000,TCP  ,EXT_SERVER,  8082,192.168.200.8, 51089,       1,     200,    1,.AP..., 32,normal,---,---,---
2017-03-15 00:01:37.847,    0.000,TCP  ,192.168.220.16, 45487,10000_35,   443,       1,      66,    1,.A....,  0,normal,---,---,---
2017-03-15 00:01:37.849,    0.000,UDP  ,192.168.210.3,   138,192.168.210.255,   138,       2,     517,    1,......,  0,normal,---,---,---
2017-03-15 00:01:38.003,    0.221,TCP  ,192.168.200.8, 51089,EXT_SERVER,  8082,       2,     319,    1,.AP...,  0,normal,---,---,---
2017-03-15 00:01:38.973,    0.000,TCP  ,EXT_SERVER,  8082,192.168.220.16, 60802,       1,     212,    1,.AP..., 32,normal,---,---,---
2017-03-15 00:01:38.956,    0.020,TCP  ,192.168.220.16, 60802,EXT_SERVER,  8082,       2,     338,    1,.AP...,  0,normal,---,---,---
2017-03-15 00:01:39.471,    0.077,TCP  ,EXT_SERVER,  8000,192.168.200.9, 49834,       7,     659,    1,.AP.SF, 32,normal,---,---,---
2017-03-15 00:01:39.471,    0.073,TCP  ,EXT_SERVER,  8000,192.168.200.9, 49835,       7,     654,    1,.AP.SF, 32,normal,---,---,---
2017-03-15 00:01:39.456,    0.075,TCP  ,192.168.200.9, 49835,EXT_SERVER,  8000,       6,     575,    1,.AP.SF,  0,normal,---,---,---
2017-03-15 00:01:39.456,    0.080,TCP  ,192.168.200.9, 49834,EXT_SERVER,  8000,       6,     649,    1,.AP.SF,  0,normal,---,---,---
2017-03-15 00:01:39.528,    0.064,TCP  ,EXT_SERVER,  8000,192.168.200.9, 49836,       7,     800,    1,.AP.SF, 32,normal,---,---,---
2017-03-15 00:01:39.511,    0.069,TCP  ,192.168.200.9, 49836,EXT_SERVER,  8000,       6,     646,    1,.AP.SF,  0,normal,---,---,---
2017-03-15 00:01:40.619,    0.000,TCP  ,10001_232,   443,192.168.220.16, 51113,       1,      66,    1,.A....,  0,normal,---,---,---
2017-03-15 00:01:40.599,    0.000,TCP  ,192.168.220.16, 51113,10001_232,   443,       1,      66,    1,.A....,  0,normal,---,---,---
2017-03-15 00:01:41.048,    0.044,TCP  ,EXT_SERVER,  8000,192.168.200.9, 49838,       7,     737,    1,.AP.SF, 32,normal,---,---,---
2017-03-15 00:01:39.543,    1.561,TCP  ,EXT_SERVER,  8000,192.168.200.9, 49837,       7,    1824,    1,.AP.SF, 32,normal,---,---,---
2017-03-15 00:01:41.033,    0.043,TCP  ,192.168.200.9, 49838,EXT_SERVER,  8000,       6,     674,    1,.AP.SF,  0,normal,---,---,---
2017-03-15 00:01:39.528,    1.560,TCP  ,192.168.200.9, 49837,EXT_SERVER,  8000,       6,     639,    1,.AP.SF,  0,normal,---,---,---
2017-03-15 00:01:42.380,    0.000,TCP  ,EXT_SERVER,  8082,192.168.200.4, 56978,       1,     212,    1,.AP..., 32,normal,---,---,---
2017-03-15 00:01:42.364,    0.020,TCP  ,192.168.200.4, 56978,EXT_SERVER,  8082,       2,     338,    1,.AP...,  0,normal,---,---,---
2017-03-15 00:01:42.988,    0.000,TCP  ,10001_232,    80,192.168.220.16, 49671,       1,      66,    1,.A....,  0,normal,---,---,---
2017-03-15 00:01:42.968,    0.000,TCP  ,192.168.220.16, 49671,10001_232,    80,       1,      66,    1,.A....,  0,normal,---,---,---
2017-03-15 00:01:46.359,    0.003,TCP  ,192.168.220.10, 40239,192.168.100.5,   445,       2,     174,    1,.AP...,  0,normal,---,---,---
2017-03-15 00:01:46.361,    0.000,TCP  ,192.168.100.5,   445,192.168.220.10, 40239,       1,     108,    1,.AP...,  0,normal,---,---,---
2017-03-15 00:01:46.977,    0.021,TCP  ,192.168.200.5, 51649,EXT_SERVER,  8082,       2,     338,    1,.AP...,  0,normal,---,---,---
2017-03-15 00:01:46.996,    0.000,TCP  ,EXT_SERVER,  8082,192.168.200.5, 51649,       1,     212,    1,.AP..., 32,normal,---,---,---
2017-03-15 00:01:47.028,    0.000,UDP  ,192.168.220.12,   137,192.168.220.255,   137,       1,      92,    1,......,  0,normal,---,---,---
2017-03-15 00:01:47.916,    0.000,TCP  ,10000_35,   443,192.168.220.16, 45558,       1,      66,    1,.A....,  0,normal,---,---,---
2017-03-15 00:01:47.916,    0.000,TCP  ,10000_35,   443,192.168.220.16, 45487,       1,      66,    1,.A....,  0,normal,---,---,---
2017-03-15 00:01:47.896,    0.000,TCP  ,192.168.220.16, 45558,10000_35,   443,       1,      66,    1,.A....,  0,normal,---,---,---
2017-03-15 00:01:49.460,    0.000,TCP  ,192.168.200.8,   135,192.168.220.16, 51407,       1,      58,    1,.A..S.,  0,victim,portScan,1,nmap args: -sS -T 1
2017-03-15 00:01:49.458,    0.002,TCP  ,192.168.220.16, 51407,192.168.200.8,   135,       2,     112,    1,...RS.,  0,attacker,portScan,1,nmap args: -sS -T 1
2017-03-15 00:01:50.462,    0.000,TCP  ,192.168.220.16, 51358,192.168.200.9,  1035,       1,      58,    1,....S.,  0,attacker,portScan,1,nmap args: -sS -T 1
2017-03-15 00:01:51.478,    0.000,TCP  ,192.168.100.5,   445,192.168.220.9, 37884,       1,     108,    1,.AP...,  0,normal,---,---,---
2017-03-15 00:01:51.476,    0.004,TCP  ,192.168.220.9, 37884,192.168.100.5,   445,       2,     174,    1,.AP...,  0,normal,---,---,---
2017-03-15 00:01:53.439,    0.000,TCP  ,EXT_SERVER,  8082,192.168.220.15, 37039,       1,     212,    1,.AP..., 32,normal,---,---,---
2017-03-15 00:01:53.418,    0.022,TCP  ,192.168.220.15, 37039,EXT_SERVER,  8082,       2,     338,    1,.AP...,  0,normal,---,---,---
2017-03-15 00:01:55.216,    0.000,TCP  ,EXT_SERVER,  8082,192.168.200.9, 49194,       1,     200,    1,.AP..., 32,normal,---,---,---
2017-03-15 00:01:55.477,    0.000,TCP  ,EXT_SERVER,  8082,192.168.220.14, 48380,       1,     212,    1,.AP..., 32,normal,---,---,---
2017-03-15 00:01:55.460,    0.020,TCP  ,192.168.220.14, 48380,EXT_SERVER,  8082,       2,     338,    1,.AP...,  0,normal,---,---,---
2017-03-15 00:01:55.199,    0.305,TCP  ,192.168.200.9, 49194,EXT_SERVER,  8082,       2,     319,    1,.AP...,  0,normal,---,---,---
2017-03-15 00:01:59.201,    0.000,TCP  ,192.168.100.5,   445,192.168.220.11, 34743,       1,     108,    1,.AP...,  0,normal,---,---,---
2017-03-15 00:01:59.200,    0.004,TCP  ,192.168.220.11, 34743,192.168.100.5,   445,       2,     174,    1,.AP...,  0,normal,---,---,---
2017-03-15 00:02:02.703,    0.000,TCP  ,192.168.100.5,   445,192.168.200.5, 46808,       1,     108,    1,.AP...,  0,normal,---,---,---
2017-03-15 00:02:03.017,    0.000,TCP  ,EXT_SERVER,  8082,192.168.220.9, 50807,       1,     212,    1,.AP..., 32,normal,---,---,---
2017-03-15 00:02:02.702,    0.002,TCP  ,192.168.200.5, 46808,192.168.100.5,   445,       2,     174,    1,.AP...,  0,normal,---,---,---
2017-03-15 00:02:03.000,    0.020,TCP  ,192.168.220.9, 50807,EXT_SERVER,  8082,       2,     338,    1,.AP...,  0,normal,---,---,---
2017-03-15 00:02:03.211,    0.000,UDP  ,DNS,    53,192.168.220.16, 48266,       1,     247,    1,......,  0,normal,---,---,---
2017-03-15 00:02:03.175,    0.085,TCP  ,10000_35,   443,192.168.220.16, 45631,       4,     419,    1,.AP.S.,  0,normal,---,---,---
2017-03-15 00:02:03.174,    0.086,TCP  ,10000_35,   443,192.168.220.16, 45629,       4,     419,    1,.AP.S.,  0,normal,---,---,---
2017-03-15 00:02:03.173,    0.083,TCP  ,10000_35,   443,192.168.220.16, 45628,       4,     419,    1,.AP.S.,  0,normal,---,---,---
2017-03-15 00:02:03.175,    0.085,TCP  ,10001_232,   443,192.168.220.16, 51183,       5,     498,    1,.AP.S.,  0,normal,---,---,---
2017-03-15 00:02:03.157,    0.055,UDP  ,DNS,    53,192.168.220.16, 39326,       2,     537,    1,......,  0,normal,---,---,---
2017-03-15 00:02:03.199,    0.001,UDP  ,DNS,    53,192.168.220.16, 36230,       2,     488,    1,......,  0,normal,---,---,---
2017-03-15 00:02:03.175,    0.085,TCP  ,10000_35,   443,192.168.220.16, 45630,       4,     419,    1,.AP.S.,  0,normal,---,---,---
2017-03-15 00:02:03.157,    0.031,UDP  ,DNS,    53,192.168.220.16, 57144,       2,     388,    1,......,  0,normal,---,---,---
2017-03-15 00:02:03.179,    0.209,TCP  ,10001_232,    80,192.168.220.16, 49812,       4,     697,    1,.AP.S.,  0,normal,---,---,---
2017-03-15 00:02:03.175,    0.085,TCP  ,10000_35,   443,192.168.220.16, 45633,       4,     419,    1,.AP.S.,  0,normal,---,---,---
2017-03-15 00:02:03.156,    0.000,UDP  ,192.168.220.16, 36230,DNS,    53,       2,     146,    1,......,  0,normal,---,---,---
2017-03-15 00:02:03.156,    0.000,UDP  ,192.168.220.16, 39326,DNS,    53,       2,     182,    1,......,  0,normal,---,---,---
2017-03-15 00:02:03.153,    0.000,UDP  ,192.168.220.16, 48266,DNS,    53,       1,      91,    1,......,  0,normal,---,---,---
2017-03-15 00:02:03.154,    0.046,TCP  ,192.168.220.16, 51183,10001_232,   443,       6,     972,    1,.AP.S.,  0,normal,---,---,---
2017-03-15 00:02:03.154,    0.046,TCP  ,192.168.220.16, 45631,10000_35,   443,       5,     906,    1,.AP.S.,  0,normal,---,---,---
2017-03-15 00:02:03.154,    0.046,TCP  ,192.168.220.16, 45629,10000_35,   443,       5,     906,    1,.AP.S.,  0,normal,---,---,---
2017-03-15 00:02:03.155,    0.001,UDP  ,192.168.220.16, 57144,DNS,    53,       2,     154,    1,......,  0,normal,---,---,---
2017-03-15 00:02:03.159,    0.229,TCP  ,192.168.220.16, 49812,10001_232,    80,       5,    2155,    1,.AP.S.,  0,normal,---,---,---
2017-03-15 00:02:03.153,    0.043,TCP  ,192.168.220.16, 45628,10000_35,   443,       5,     906,    1,.AP.S.,  0,normal,---,---,---
2017-03-15 00:02:03.154,    0.046,TCP  ,192.168.220.16, 45630,10000_35,   443,       5,     906,    1,.AP.S.,  0,normal,---,---,---
2017-03-15 00:02:03.154,    0.050,TCP  ,192.168.220.16, 45633,10000_35,   443,       5,     906,    1,.AP.S.,  0,normal,---,---,---
2017-03-15 00:02:03.971,    0.000,UDP  ,DNS,    53,192.168.220.16, 43428,       1,     274,    1,......,  0,normal,---,---,---
2017-03-15 00:02:04.071,    0.000,UDP  ,DNS,    53,192.168.220.16, 45970,       2,     533,    1,......,  0,normal,---,---,---
2017-03-15 00:02:03.968,    0.000,UDP  ,192.168.220.16, 43428,DNS,    53,       1,      77,    1,......,  0,normal,---,---,---
2017-03-15 00:02:04.070,    0.000,UDP  ,192.168.220.16, 45970,DNS,    53,       2,     144,    1,......,  0,normal,---,---,---
2017-03-15 00:02:04.326,    0.000,UDP  ,DNS,    53,192.168.220.16, 49092,       2,     533,    1,......,  0,normal,---,---,---
2017-03-15 00:02:04.179,    0.000,TCP  ,10002_113,   443,192.168.220.16, 49062,       2,    1089,    1,.AP..., 32,normal,---,---,---
2017-03-15 00:02:04.125,    0.166,TCP  ,10003_195,    80,192.168.220.16, 48332,       3,     909,    1,.AP.S., 32,normal,---,---,---
2017-03-15 00:02:04.433,    0.002,TCP  ,10002_114,   443,192.168.220.16, 55975,       2,    1089,    1,.AP..., 32,normal,---,---,---
2017-03-15 00:02:04.324,    0.000,UDP  ,192.168.220.16, 49092,DNS,    53,       2,     144,    1,......,  0,normal,---,---,---
2017-03-15 00:02:04.070,    0.113,TCP  ,192.168.220.16, 49062,10002_113,   443,       2,    1265,    1,.AP...,  0,normal,---,---,---
2017-03-15 00:02:03.968,    0.323,TCP  ,192.168.220.16, 48332,10003_195,    80,       5,    2406,    1,.AP.S.,  0,normal,---,---,---
2017-03-15 00:02:04.325,    0.110,TCP  ,192.168.220.16, 55975,10002_114,   443,       3,    1815,    1,.AP...,  0,normal,---,---,---
2017-03-15 00:02:04.648,    0.000,TCP  ,192.168.100.5,   445,192.168.220.12, 49511,       1,     108,    1,.AP...,  0,normal,---,---,---
2017-03-15 00:02:04.647,    0.004,TCP  ,192.168.220.12, 49511,192.168.100.5,   445,       2,     174,    1,.AP...,  0,normal,---,---,---
2017-03-15 00:02:05.461,    0.000,TCP  ,192.168.220.16, 51358,192.168.200.8,  2033,       1,      58,    1,....S.,  0,attacker,portScan,1,nmap args: -sS -T 1
2017-03-15 00:02:06.315,    0.000,TCP  ,10000_35,   443,192.168.220.16, 45061,       1,      66,    1,.A....,  0,normal,---,---,---
2017-03-15 00:02:06.296,    0.000,TCP  ,192.168.220.16, 45061,10000_35,   443,       1,      66,    1,.A....,  0,normal,---,---,---
2017-03-15 00:02:07.259,    0.000,UDP  ,DNS,    53,192.168.200.8, 63341,       1,     121,    1,......,  0,normal,---,---,---
2017-03-15 00:02:07.348,    0.000,UDP  ,DNS,    53,192.168.200.8, 59311,       1,     132,    1,......,  0,normal,---,---,---
2017-03-15 00:02:07.348,    0.000,UDP  ,DNS,    53,192.168.200.8, 54776,       1,     132,    1,......,  0,normal,---,---,---
2017-03-15 00:02:07.259,    0.000,UDP  ,DNS,    53,192.168.200.8, 63352,       1,     121,    1,......,  0,normal,---,---,---
2017-03-15 00:02:07.395,    0.000,TCP  ,192.168.100.5,   445,192.168.220.6, 46709,       1,     108,    1,.AP...,  0,normal,---,---,---
2017-03-15 00:02:07.273,    0.131,TCP  ,10004_36,   443,192.168.200.8, 62886,       8,    2991,    1,.AP.S., 32,normal,---,---,---
2017-03-15 00:02:07.362,    0.110,TCP  ,10005_14,   443,192.168.200.8, 62887,       7,     693,    1,.AP.S., 32,normal,---,---,---
2017-03-15 00:02:07.394,    0.002,TCP  ,192.168.220.6, 46709,192.168.100.5,   445,       2,     174,    1,.AP...,  0,normal,---,---,---
2017-03-15 00:02:07.257,    0.000,UDP  ,192.168.200.8, 63341,DNS,    53,       1,      76,    1,......,  0,normal,---,---,---
2017-03-15 00:02:07.346,    0.000,UDP  ,192.168.200.8, 54776,DNS,    53,       1,      81,    1,......,  0,normal,---,---,---
2017-03-15 00:02:07.346,    0.000,UDP  ,192.168.200.8, 59311,DNS,    53,       1,      81,    1,......,  0,normal,---,---,---
2017-03-15 00:02:07.257,    0.000,UDP  ,192.168.200.8, 63352,DNS,    53,       1,      76,    1,......,  0,normal,---,---,---
2017-03-15 00:02:07.261,    0.147,TCP  ,192.168.200.8, 62886,10004_36,   443,       9,    1814,    1,.AP.S.,  0,normal,---,---,---
2017-03-15 00:02:07.350,    0.122,TCP  ,192.168.200.8, 62887,10005_14,   443,       7,    1165,    1,.AP.S.,  0,normal,---,---,---
2017-03-15 00:02:08.012,    0.000,TCP  ,10000_35,   443,192.168.220.16, 45558,       1,      66,    1,.A....,  0,normal,---,---,---
2017-03-15 00:02:08.012,    0.000,TCP  ,10000_35,   443,192.168.220.16, 45487,       1,      66,    1,.A....,  0,normal,---,---,---
2017-03-15 00:02:07.992,    0.000,TCP  ,192.168.220.16, 45487,10000_35,   443,       1,      66,    1,.A....,  0,normal,---,---,---
2017-03-15 00:02:07.992,    0.000,TCP  ,192.168.220.16, 45558,10000_35,   443,       1,      66,    1,.A....,  0,normal,---,---,---
2017-03-15 00:02:08.222,    0.000,TCP  ,10000_35,   443,192.168.220.16, 45629,       3,     229,    1,.AP..F,  0,normal,---,---,---
2017-03-15 00:02:08.222,    0.000,TCP  ,10000_35,   443,192.168.220.16, 45628,       4,     295,    1,.AP..F,  0,normal,---,---,---
2017-03-15 00:02:08.222,    0.000,TCP  ,10000_35,   443,192.168.220.16, 45631,       4,     295,    1,.AP..F,  0,normal,---,---,---
2017-03-15 00:02:08.220,    0.042,TCP  ,10001_232,   443,192.168.220.16, 51183,       5,     361,    1,.AP..F,  0,normal,---,---,---
2017-03-15 00:02:09.036,    0.000,TCP  ,EXT_SERVER,  8082,192.168.200.8, 49194,       1,     200,    1,.AP..., 32,normal,---,---,---
2017-03-15 00:02:09.081,    0.000,TCP  ,192.168.100.5,   445,192.168.220.8, 49094,       1,     108,    1,.AP...,  0,normal,---,---,---
2017-03-15 00:02:08.630,    0.000,TCP  ,192.168.100.5,   445,192.168.220.4, 43145,       1,     108,    1,.AP...,  0,normal,---,---,---
2017-03-15 00:02:08.629,    0.003,TCP  ,192.168.220.4, 43145,192.168.100.5,   445,       2,     174,    1,.AP...,  0,normal,---,---,---
2017-03-15 00:02:09.080,    0.004,TCP  ,192.168.220.8, 49094,192.168.100.5,   445,       2,     174,    1,.AP...,  0,normal,---,---,---
2017-03-15 00:02:09.018,    0.222,TCP  ,192.168.200.8, 49194,EXT_SERVER,  8082,       2,     319,    1,.AP...,  0,normal,---,---,---
2017-03-15 00:02:10.007,    0.000,TCP  ,EXT_SERVER,  8082,192.168.220.16, 60803,       1,     212,    1,.AP..., 32,normal,---,---,---
2017-03-15 00:02:09.761,    0.000,UDP  ,192.168.100.4,   138,192.168.100.255,   138,       1,     262,    1,......,  0,normal,---,---,---
2017-03-15 00:02:09.989,    0.019,TCP  ,192.168.220.16, 60803,EXT_SERVER,  8082,       2,     338,    1,.AP...,  0,normal,---,---,---
2017-03-15 00:02:10.764,    0.000,TCP  ,10001_232,   443,192.168.220.16, 51113,       1,      66,    1,.A....,  0,normal,---,---,---
2017-03-15 00:02:10.744,    0.000,TCP  ,192.168.220.16, 51113,10001_232,   443,       1,      66,    1,.A....,  0,normal,---,---,---
2017-03-15 00:02:13.410,    0.000,TCP  ,EXT_SERVER,  8082,192.168.200.4, 56979,       1,     212,    1,.AP..., 32,normal,---,---,---
2017-03-15 00:02:13.405,    0.000,TCP  ,10001_232,    80,192.168.220.16, 49812,       1,      66,    1,.A....,  0,normal,---,---,---
2017-03-15 00:02:13.384,    0.000,TCP  ,192.168.220.16, 49812,10001_232,    80,       1,      66,    1,.A....,  0,normal,---,---,---
2017-03-15 00:02:13.394,    0.017,TCP  ,192.168.200.4, 56979,EXT_SERVER,  8082,       2,     338,    1,.AP...,  0,normal,---,---,---
2017-03-15 00:02:16.796,    0.000,TCP  ,192.168.100.5,   445,192.168.220.16, 58844,       1,     108,    1,.AP...,  0,normal,---,---,---
2017-03-15 00:02:16.713,    0.000,TCP  ,192.168.100.5,   445,192.168.220.15, 48888,       1,     108,    1,.AP...,  0,normal,---,---,---
2017-03-15 00:02:16.712,    0.003,TCP  ,192.168.220.15, 48888,192.168.100.5,   445,       2,     174,    1,.AP...,  0,normal,---,---,---
2017-03-15 00:02:16.792,    0.004,TCP  ,192.168.220.16, 58844,192.168.100.5,   445,       2,     174,    1,.AP...,  0,normal,---,---,---
